cpg1,cpg2,aries_correlation,bib_correlation,aries_snp_adjusted_correlation,bib_snp_adjusted_correlation,aries_cor.change,bib_cor.change,aries_snp1_chrpos,bib_snp1,aries_snp1_effect,bib_snp1_effect,aries_snp1_pval,bib_snp1_pval,aries_snp2_chrpos,bib_snp2,aries_snp2_effect,bib_snp2_effect,aries_snp2_pval,bib_snp2_pval
cg00086670,cg25143771,0.352664087,0.380923238,0.000615848,0.378998782,-0.352048239,-0.001924455,chr10:104572276:SNP,chr10:104572276:SNP,0.001787215,-0.00015876,0.169192339,0.866786016,chr10:104625970:SNP,chr10:104625970:SNP,0.004258576,0.000522292,0.017143998,0.758750975
cg00242839,cg15953921,0.362895719,0.230610499,0.008434715,0.234211283,-0.354461004,0.003600784,chr10:6141942:SNP,chr10:6141942:SNP,0.008876617,0.004559826,0.00550605,0.330616194,chr10:6127641:SNP,chr10:6127641:SNP,-0.012388135,-0.001258379,6.87E-05,0.751660727
cg00661320,cg06970090,0.408093443,0.334167335,0.343510742,0.332943842,-0.064582701,-0.001223493,chr10:73822507:SNP,chr10:73822507:SNP,-0.003759525,-0.001983042,0.002889719,0.146958592,chr10:73822243:SNP,chr10:73822243:SNP,-0.007876702,-0.00470849,7.21E-07,0.017676303
cg00739593,cg19615406,0.664736714,0.598831144,0.042779131,0.590453839,-0.621957583,-0.008377306,chr10:116177976:SNP,chr10:116177976:SNP,0.00373051,0.002155486,0.006927221,0.160338279,chr10:116190683:SNP,chr10:116190683:SNP,-0.009498438,-0.001904904,2.71E-12,0.225805858
cg01341123,cg25946389,0.846849594,0.814342566,0.470881529,0.811034971,-0.375968065,-0.003307596,chr10:131303513:SNP,chr10:131301383:SNP,0.007586809,0.002887699,3.09E-05,0.339325676,chr10:131291834:SNP,chr10:131291834:SNP,0.005267473,0.004201458,0.002201808,0.047865415
cg01631684,cg05091115,0.155013852,0.1404282,-0.004187784,0.144796711,-0.159201636,0.004368512,chr10:64955581:SNP,chr10:64995493:SNP,-0.00173093,-0.00185598,0.006733721,0.026304573,chr10:64887856:SNP,chr10:64887856:SNP,0.000338178,0.000342346,0.129586285,0.683281989
cg02503850,cg24427089,0.500024397,0.358369185,0.462780918,0.34321453,-0.03724348,-0.015154655,chr10:72436953:SNP,chr10:72436953:SNP,0.013984008,0.005892138,1.21E-18,0.000174395,chr10:72436953:SNP,chr10:72436953:SNP,0.002756122,0.002141379,3.28E-10,0.000181264
cg02531437,cg10661615,0.612980258,0.543663478,0.216893329,0.542432984,-0.396086929,-0.001230494,chr10:120363711:SNP,chr10:120363711:SNP,-0.008326045,-0.003853697,6.76E-05,0.177266618,chr10:120354818:SNP,chr10:120354818:SNP,0.003816765,0.002396378,0.018061322,0.240352545
cg03070297,cg12204732,0.744036919,0.720490455,0.318937937,0.720414063,-0.425098983,-7.64E-05,chr10:128917251:SNP,chr10:128917251:SNP,0.001373267,-4.50E-05,0.210338342,0.927390903,chr10:128990711:SNP,chr10:128993241:INDEL,0.004058543,0.000394262,0.016884445,0.783359936
cg03496709,cg19109608,0.800097333,0.741891113,0.485353708,0.757262339,-0.314743625,0.015371226,chr10:29769288:SNP,chr10:29769288:SNP,0.006912721,0.006509482,9.69E-09,4.94E-08,chr10:29779308:SNP,chr10:29779308:SNP,0.006827428,0.003764954,3.51E-08,4.61E-06
cg03743584,cg15549126,0.692160596,0.528366309,0.179119144,0.525433821,-0.513041452,-0.002932488,chr10:135189646:SNP,chr10:135141572:SNP,-0.023562664,-0.002002205,1.88E-10,0.413620488,chr10:135184421:SNP,chr10:135200168:SNP,-0.026334959,-0.006486278,1.00E-11,0.214737658
cg03875347,cg19484183,0.749172989,0.708079468,0.271861559,0.704137213,-0.47731143,-0.003942255,chr10:1171734:SNP,chr10:1171734:SNP,-0.002513846,-0.00192349,0.005970684,0.110622494,chr10:1125769:SNP,chr10:1125769:SNP,-0.005034659,-0.00457343,1.93E-08,0.000191184
cg04449397,cg06652146,0.171795425,0.002580542,-0.008280298,0.003549454,-0.180075723,0.000968912,chr10:14661384:SNP,chr10:14661384:SNP,-0.000219335,7.11E-05,0.463054546,0.902494946,chr10:14068149:SNP,chr10:14067298:INDEL,-0.00055245,0.000551026,0.11099011,0.454323838
cg04539203,cg17558573,0.472811539,0.445830589,0.475681023,0.446809467,0.002869484,0.000978878,chr10:71900395:SNP,chr10:71900395:SNP,0.003365958,0.000609646,0.000574789,0.643025441,chr10:71900395:SNP,chr10:71900395:SNP,0.000915698,0.000613728,0.164638568,0.416731906
cg04549162,cg11893763,0.570566906,0.537949454,0.158040049,0.565668371,-0.412526858,0.027718918,chr10:125444104:SNP,chr10:125444104:SNP,0.003887934,0.005426501,0.01286166,0.007392505,chr10:125410425:SNP,chr10:125410425:SNP,-0.006366907,-0.004038225,0.000274818,0.036785215
cg04599297,cg11328303,0.172324303,0.001752167,-0.00401269,-0.013078366,-0.176336993,-0.014830533,chr10:26577671:SNP,chr10:26577671:SNP,-0.004598758,-0.004649512,0.002014956,0.034166016,chr10:26503802:SNP,chr10:26503802:SNP,-0.002734336,-0.001220683,0.000141963,0.039022328
cg05176433,cg18514344,0.71264649,0.584997227,0.5390676,0.559155462,-0.17357889,-0.025841765,chr10:95222853:SNP,chr10:95222853:SNP,0.000576768,-0.004099076,0.400744454,0.000862609,chr10:95209926:SNP,chr10:95209926:SNP,-0.000296571,-0.003300987,0.77813692,0.000414869
cg06365057,cg24139737,0.266022126,0.179457161,0.038484238,0.18033131,-0.227537887,0.000874149,chr10:50425252:SNP,chr10:50425252:SNP,3.26E-05,-2.00E-05,0.675420219,0.890325134,chr10:50252785:SNP,chr10:50252785:SNP,-0.00562769,-0.00295091,2.59E-05,0.038604507
cg06391894,cg18582848,0.316884867,0.395656643,0.194273844,0.396016631,-0.122611023,0.000359987,chr10:72991095:SNP,chr10:72991095:SNP,-5.04E-05,8.23E-06,0.616635853,0.927376259,chr10:71579347:SNP,chr10:71573126:SNP,8.66E-05,-9.47E-07,0.553787185,0.992306642
cg06811701,cg16077086,0.45646978,0.512453949,0.020389045,0.509171255,-0.436080735,-0.003282693,chr10:133957126:SNP,chr10:133952956:INDEL,0.002838678,0.000492031,0.117227762,0.79519483,chr10:134659149:SNP,chr10:134659149:SNP,0.002941065,0.002515354,0.116414603,0.466381868
cg07093456,cg11310496,0.424671241,0.421282489,0.023668904,0.361130833,-0.401002337,-0.060151656,chr10:118401338:SNP,chr10:118401338:SNP,0.009031171,0.015265562,1.63E-08,2.12E-11,chr10:118380345:SNP,chr10:118380345:SNP,0.003412339,0.005343643,0.000363541,0.000220226
cg09426810,cg26293457,0.586959907,0.514627732,0.048721314,0.479778178,-0.538238593,-0.034849553,chr10:1216056:SNP,chr10:1216056:SNP,-0.023155717,-0.026059779,7.93E-10,5.43E-06,chr10:1206798:SNP,chr10:1206798:SNP,-0.054408478,-0.044124377,7.84E-23,1.30E-06
cg10107304,cg12846190,0.794072119,0.653543418,0.304827715,0.656664285,-0.489244403,0.003120868,chr10:104698209:SNP,chr10:104698209:SNP,0.001065507,0.000659904,0.369557588,0.516041568,chr10:104927634:SNP,chr10:104927634:SNP,0.002739864,0.0040497,0.236129678,0.132635843
cg10445453,cg10975049,0.500237161,0.587580416,0.451015032,0.54788731,-0.049222129,-0.039693106,chr10:72456577:SNP,chr10:72456577:SNP,0.002458152,0.000211682,2.67E-07,0.377788954,chr10:72458091:SNP,chr10:72464433:SNP,0.011275602,0.003593836,4.09E-15,3.28E-06
cg11731793,cg26182317,0.457560533,0.55851149,0.002673931,0.54236398,-0.454886603,-0.016147509,chr10:91580394:SNP,chr10:91598211:INDEL,0.030073226,0.025575409,9.49E-08,0.000496146,chr10:91596866:SNP,chr10:91596866:SNP,0.027992248,0.032250898,8.01E-07,6.60E-06
cg11772224,cg17012863,0.232160608,0.118771322,0.25065993,0.145858893,0.018499323,0.027087571,chr10:90999036:SNP,chr10:90998466:SNP,0.001346073,0.001279017,2.57E-05,0.011565969,chr10:91007360:SNP,chr10:91007360:SNP,-7.00E-05,-0.000148441,0.510238918,0.07349558
cg12894449,cg26693467,0.577716812,0.612321986,-0.023504945,0.44977476,-0.601221757,-0.162547225,chr10:119313030:SNP,chr10:119313030:SNP,-0.020279128,-0.011812805,4.60E-40,2.95E-19,chr10:119262900:SNP,chr10:119262900:SNP,0.012343422,0.003737268,2.10E-17,0.00190084
cg13612317,cg14776578,0.681127091,0.858008908,0.374850376,0.85937295,-0.306276715,0.001364042,chr10:32151478:SNP,chr10:32151478:SNP,-0.063642591,-0.007657948,5.06E-45,0.233382973,chr10:32343105:SNP,chr10:32286211:SNP,-0.086719452,-0.014460196,3.98E-44,0.036777988
cg15899747,cg25112625,0.54960567,0.62314608,0.120117918,0.62060059,-0.429487752,-0.00254549,chr10:5426863:SNP,chr10:5426863:SNP,-0.000577892,-0.001790208,0.253563202,0.018236993,chr10:5440297:SNP,chr10:5440297:SNP,-0.000601961,-0.001606545,0.181746948,0.057718287
cg17916473,cg25968799,0.271192244,0.289448431,0.028540411,0.291042668,-0.242651833,0.001594237,chr10:89422962:SNP,chr10:89422962:SNP,-0.003911275,-0.000623412,1.23E-05,0.381449303,chr10:89405558:SNP,chr10:89405558:SNP,2.96E-05,-0.000743349,0.925794461,0.20316546
cg18954700,cg26274946,0.277455819,0.178477484,0.101227507,0.171022595,-0.176228311,-0.007454888,chr10:123456495:SNP,chr10:123456495:SNP,-0.000189911,-0.002218371,0.643826268,0.028526016,chr10:123793801:SNP,chr10:123793801:SNP,-0.00171594,0.00031597,0.453393641,0.661287197
cg19392551,cg20282550,0.861478516,0.824432749,0.800756883,0.768270151,-0.060721633,-0.056162598,chr10:4848529:SNP,chr10:4848529:SNP,0.050496648,0.033413583,5.80E-23,8.70E-13,chr10:4887470:SNP,chr10:4887470:SNP,-0.024040235,-0.006254148,5.15E-08,0.070149417
cg23331981,cg26099164,0.369604715,0.231325481,0.044463112,0.232896731,-0.325141603,0.00157125,chr10:7455166:SNP,chr10:7455166:SNP,0.000667827,0.002427362,0.618234663,0.289987173,chr10:7578527:SNP,chr10:7578527:SNP,0.000253317,-0.002586136,0.894888688,0.348587884
cg25097946,cg25421530,0.45626476,0.39793464,0.450878087,0.395569,-0.005386673,-0.00236564,chr10:97515588:SNP,chr10:97515588:SNP,-0.001272534,0.000661231,0.60076593,0.776248087,chr10:97324127:SNP,chr10:97324127:SNP,-0.002573158,0.002102928,0.080894735,0.20718076